{"columns":["logM","phi","dphi_up","dphi_lo"],"index":[0,1,2,3,4,5,6],"data":[[10.4277366923,-3.9616050384,0.05,0.06],[10.6277366923,-4.0916050384,0.06,0.07],[10.8277366923,-4.3816050384,0.14,0.09],[11.0277366923,-4.5916050384,0.17,0.12],[11.2277366923,-4.7016050384,0.1,0.13],[11.4277366923,-5.5316050384,0.53,0.53],[11.6277366923,-5.9616050384,0.54,0.76]]}