{"columns":["logM","phi","dphi_up","dphi_lo"],"index":[0,1,2,3,4,5],"data":[[10.4277366923,-4.5216050384,0.11,0.23],[10.6277366923,-4.9516050384,0.39,0.23],[10.8277366923,-4.8316050384,0.14,0.39],[11.0277366923,-5.4316050384,0.52,0.53],[11.2277366923,-5.5016050384,0.5,0.53],[11.4277366923,-5.8716050384,0.6,0.76]]}