{"columns":["logM","phi","dphi_up","dphi_lo"],"index":[0,1,2,3,4,5,6],"data":[[10.4277366923,-3.6216050384,0.04,0.05],[10.6277366923,-3.7316050384,0.04,0.05],[10.8277366923,-3.9016050384,0.05,0.06],[11.0277366923,-4.0716050384,0.06,0.07],[11.2277366923,-4.2616050384,0.07,0.15],[11.4277366923,-4.7116050384,0.11,0.17],[11.6277366923,-5.2116050384,0.18,0.3]]}