{"columns":["logM","phi","dphi_up","dphi_lo"],"index":[0,1,2,3,4,5,6,7,8,9,10,11,12,13],"data":[[9.1627366923,-2.0263400384,0.03149,0.033952733],[9.3637366923,-2.0832570384,0.033234,0.0359894746],[9.5627366923,-2.1270780384,0.033367,0.0361450661],[9.7647366923,-2.2289390384,0.03374,0.0365834628],[9.9607366923,-2.3130450384,0.034958,0.0380198667],[10.1627366923,-2.3635570384,0.035249,0.0383650438],[10.3677366923,-2.4595040384,0.038534,0.0422884347],[10.5637366923,-2.4858620384,0.038717,0.0425099723],[10.7657366923,-2.5093860384,0.038863,0.0426852381],[10.9637366923,-2.6207360384,0.043738,0.0486414281],[11.1587366923,-2.7070260384,0.044714,0.0498510719],[11.3537366923,-2.9790300384,0.062079,0.0724563984],[11.5427366923,-3.2794160384,0.067067,0.0793496293],[11.7327366923,-3.9046940384,0.095606,0.1227746137]]}