{"columns":["logM","phi","dphi_up","dphi_lo"],"index":[0,1,2,3,4,5,6,7,8,9,10,11],"data":[[9.6067366923,-2.5096500384,0.028581,0.0305955849],[9.8147366923,-2.6019950384,0.031959,0.0344991101],[10.0277366923,-2.7396970384,0.032678,0.0353378142],[10.2427366923,-2.9100650384,0.034023,0.0369170934],[10.4597366923,-3.0165470384,0.037527,0.0410792975],[10.6747366923,-3.1267880384,0.038632,0.0424072424],[10.8867366923,-3.2377190384,0.048739,0.0549082721],[11.0997366923,-3.4146020384,0.05208,0.0591868839],[11.2967366923,-3.6851670384,0.076551,0.0929949898],[11.4967366923,-4.0653780384,0.089756,0.1132705086],[11.7077366923,-4.7716020384,0.146493,0.2227022257],[11.9347366923,-5.5119640384,0.240848,0.5870308882]]}