{"columns":["logM","phi","dphi_up","dphi_lo"],"index":[0,1,2,3,4,5,6,7,8,9,10,11,12,13],"data":[[9.1337366923,-2.1840870384,0.026338,0.0280389915],[9.3467366923,-2.2070870384,0.028023,0.0299565668],[9.5637366923,-2.2472840384,0.02815,0.0301016861],[9.7787366923,-2.3541050384,0.029468,0.0316136484],[9.9987366923,-2.4347920384,0.029847,0.0320504063],[10.2127366923,-2.5199110384,0.030192,0.0324485534],[10.4297366923,-2.6009140384,0.033085,0.0358147772],[10.6467366923,-2.6590360384,0.033434,0.0362239364],[10.8617366923,-2.7252550384,0.038618,0.0423899551],[11.0777366923,-2.8218900384,0.039497,0.0434513899],[11.2877366923,-3.1276000384,0.057138,0.0658106094],[11.4917366923,-3.4587120384,0.062739,0.0733580823],[11.7037366923,-4.1025470384,0.084782,0.1054487754],[11.8927366923,-4.8553910384,0.154851,0.2429098785]]}