{"columns":["logM","phi","dphi_up","dphi_lo"],"index":[0,1,2,3,4,5,6,7,8,9,10,11,12,13,14,15],"data":[[8.9677366923,-1.8368740384,0.044618,0.049732709],[9.1587366923,-1.8551620384,0.044704,0.0498393102],[9.3457366923,-1.9163280384,0.046336,0.0518767413],[9.5337366923,-1.9997660384,0.046792,0.0524492958],[9.7227366923,-2.1029580384,0.047542,0.0533933039],[9.9117366923,-2.1677200384,0.049893,0.0563773972],[10.1007366923,-2.1730370384,0.049941,0.0564393451],[10.2927366923,-2.2722340384,0.054055,0.0617528596],[10.4817366923,-2.3817630384,0.055322,0.0634126112],[10.6647366923,-2.4197090384,0.055831,0.0640826866],[10.8507366923,-2.4531780384,0.05903,0.068335156],[11.0487366923,-2.5485910384,0.060538,0.0703651491],[11.2347366923,-2.8085820384,0.066425,0.0784517942],[11.4217366923,-3.1479680384,0.08771,0.1100261338],[11.5877366923,-3.4592170384,0.104779,0.1383786162],[11.7947366923,-4.0824670384,0.169698,0.2823964201]]}