{"columns":["logM","phi","dphi_up","dphi_lo"],"index":[0,1,2,3,4,5,6,7],"data":[[10.0657366923,-3.2126900384,0.04859,0.0547194506],[10.3027366923,-3.4153590384,0.051783,0.0588035984],[10.5347366923,-3.6939750384,0.057169,0.0658525144],[10.7657366923,-3.9649450384,0.069424,0.0826732752],[11.0107366923,-4.3148230384,0.103493,0.1361365954],[11.2367366923,-4.5826850384,0.127953,0.1821829621],[11.4937366923,-5.0002200384,0.181929,0.3190308856],[11.6587366923,-5.3360130384,0.226497,0.5011384828]]}