{"columns":["logM","phi","dphi_up","dphi_lo"],"index":[0,1,2,3,4,5,6,7],"data":[[9.8957366923,-2.8259820384,0.046025,0.0514877167],[10.1287366923,-2.9901740384,0.046836,0.052504672],[10.3477366923,-3.2122730384,0.052392,0.0595904369],[10.5787366923,-3.4021860384,0.055075,0.0630875135],[10.8107366923,-3.7299510384,0.079395,0.097231231],[11.0307366923,-3.9914720384,0.092673,0.1179670498],[11.2677366923,-4.3989580384,0.122843,0.1719298945],[11.4687366923,-4.6542300384,0.149492,0.2298002955]]}