{"columns":["logM","phi","dphi_up","dphi_lo"],"index":[0,1,2,3,4,5,6,7,8,9,10,11,12,13,14,15],"data":[[8.9747366923,-1.9273820384,0.035334,0.0384651655],[9.1767366923,-1.9876380384,0.035531,0.0386990438],[9.3757366923,-2.0155380384,0.03704,0.0404956394],[9.5747366923,-2.1108990384,0.037384,0.0409077535],[9.7777366923,-2.1906160384,0.038843,0.0426612363],[9.9737366923,-2.2981410384,0.039447,0.0433910023],[10.1777366923,-2.3521300384,0.039867,0.0438997748],[10.3797366923,-2.4778490384,0.04356,0.0484217015],[10.5807366923,-2.4849000384,0.043662,0.0485470113],[10.7777366923,-2.5171730384,0.047229,0.0529984861],[10.9717366923,-2.6281890384,0.048403,0.0544823999],[11.1677366923,-2.7869090384,0.050698,0.0574087898],[11.3727366923,-2.9167120384,0.065215,0.0767677574],[11.5707366923,-3.3363250384,0.077048,0.0937291847],[11.7637366923,-3.7903370384,0.107915,0.1439239565],[11.9527366923,-4.8086080384,0.23838,0.5707786689]]}