{"columns":["logM","phi","dphi_up","dphi_lo"],"index":[0,1,2,3,4,5,6,7,8,9,10,11],"data":[[9.3397366923,-2.3189400384,0.025945,0.0275940388],[9.5527366923,-2.3673520384,0.026021,0.0276796993],[9.7707366923,-2.4322250384,0.026265,0.0279562413],[9.9867366923,-2.5539860384,0.028371,0.0303542022],[10.2037366923,-2.6180350384,0.028542,0.0305509282],[10.4227366923,-2.7419310384,0.03162,0.0341045853],[10.6407366923,-2.8339340384,0.032207,0.0347886641],[10.8577366923,-2.9227730384,0.039155,0.0430378642],[11.0767366923,-3.0679230384,0.040468,0.0446305901],[11.2817366923,-3.2975560384,0.059292,0.0686858925],[11.5017366923,-3.6793370384,0.06759,0.0800836924],[11.6877366923,-4.4290710384,0.10795,0.1439857918]]}