{"columns":["logM","phi","dphi_up","dphi_lo"],"index":[0,1,2,3,4,5],"data":[[10.3127366923,-3.8038670384,0.078454,0.0958220237],[10.5457366923,-4.0370530384,0.087677,0.1099743825],[10.7707366923,-4.3831740384,0.111542,0.1504780154],[11.0287366923,-4.7633860384,0.183201,0.3230842277],[11.2277366923,-4.9182880384,0.205323,0.4027868965],[11.4757366923,-5.2193180384,0.267307,0.8255834266]]}