{"columns":["logM","phi","dphi_up","dphi_lo"],"index":[0,1,2,3,4,5,6,7,8,9],"data":[[9.7377366923,-2.5913720384,0.032403,0.0350174753],[9.9517366923,-2.7075560384,0.038432,0.0421659342],[10.1747366923,-2.9012710384,0.039542,0.0435057012],[10.4017366923,-3.1024190384,0.044735,0.0498783932],[10.6167366923,-3.2397080384,0.046248,0.0517659145],[10.8417366923,-3.4380750384,0.061227,0.0712982861],[11.0727366923,-3.6489290384,0.06724,0.0795927027],[11.2797366923,-3.9982640384,0.099837,0.129861968],[11.5047366923,-4.5085530384,0.124792,0.1757983623],[11.7767366923,-5.2287120384,0.207537,0.4118835581]]}