{"columns":["logM","phi","dphi_lo","dphi_up"],"index":[0,1,3,4],"data":[[9.5987366923,-3.0792357028,0.7448853915,0.1410922864],[9.9567366923,-3.4805036548,2.260071388,0.1387363422],[10.6707366923,-4.4853025377,2.5563025008,0.4905826901],[11.0277366923,-6.4162925875,2.625312451,1.7443115257]]}