{"columns":["logM","phi","dphi_lo","dphi_up"],"index":[0,1,2,3,4,5,6,7,8],"data":[[8.9967366923,-2.0437819577,0.2527482892,0.1426849623],[9.3087366923,-2.3991405182,0.1511028264,0.1072717953],[9.6217366923,-2.6650280814,0.1489473075,0.1054386194],[9.9337366923,-2.9048844713,0.1306826122,0.0957672992],[10.2467366923,-3.0287678137,0.2397825313,0.1119929247],[10.5587366923,-3.4235569417,0.2582126144,0.1423743867],[10.8717366923,-3.9481833533,0.2289106041,0.1491197431],[11.1837366923,-4.4572738141,0.670517372,0.2538879975],[11.4967366923,-5.3060061387,2.7355988997,0.630637224]]}