{"columns":["logM","phi","dphi_lo","dphi_up"],"index":[0,1,2,3,4,5,6,7,8,9,10,11],"data":[[8.9027366923,-1.8035589353,0.097223923,0.0818923369],[9.1527366923,-1.9481833533,0.0701692255,0.0603931792],[9.4027366923,-2.1562438184,0.0485309335,0.0449764157],[9.6527366923,-2.4132161084,0.0445103316,0.0405558044],[9.9027366923,-2.6506699313,0.0491050502,0.0444313995],[10.1527366923,-3.0041785405,0.0722247969,0.0601778309],[10.4027366923,-3.2577014592,0.0901766303,0.0734289172],[10.6527366923,-3.5139751376,0.164017921,0.1098598286],[10.9027366923,-4.1347315037,0.3481649642,0.1917701911],[11.1527366923,-4.5075789324,0.9005576505,0.273508922],[11.4027366923,-7.0552812614,2.9863237771,2.228437971],[11.6527366923,-20.495062375,2.5465426635,16.78183694]]}