{"columns":["logM","phi","dphi_lo","dphi_up"],"index":[0,1,2,3,4],"data":[[9.2417366923,-2.5991252694,0.1540069685,0.1094579263],[9.5987366923,-2.9771470492,0.1575844545,0.1150938019],[9.9567366923,-3.4081365829,0.1621767445,0.1201146033],[10.3137366923,-3.7051453046,0.2080604651,0.1392114545],[10.6707366923,-4.0330048667,0.5853542978,0.2403534437]]}