{"columns":["logM","phi","dphi_lo","dphi_up"],"index":[0,1,2,3,4,5],"data":[[7.8102566923,-2.1916050384,0.39,0.41],[8.3102566923,-2.2716050384,0.38,0.37],[8.8102566923,-2.7416050384,0.36,0.34],[9.3102566923,-3.0516050384,0.34,0.34],[9.8102566923,-3.8416050384,0.37,0.36],[10.3102366923,-4.5716050384,0.61,0.39]]}