{"columns":["logM","phi","dphi_lo","dphi_up"],"index":[0,1,2,3,4,5,6],"data":[[7.8102566923,-2.2516050384,0.2,0.18],[8.3102566923,-2.3116050384,0.2,0.18],[8.8102566923,-2.6416050384,0.19,0.15],[9.3102566923,-2.8816050384,0.17,0.17],[9.8102566923,-3.5016050384,0.21,0.17],[10.3102366923,-4.1616050384,0.27,0.22],[10.8102366923,-4.8516050384,0.45,0.33]]}