{"columns":["logM","phi","dphi_lo","dphi_up"],"index":[0,1,2,3,4,5,6],"data":[[7.8102566923,-2.1316050384,0.24,0.23],[8.3102566923,-2.2016050384,0.23,0.23],[8.8102566923,-2.5916050384,0.21,0.2],[9.3102566923,-2.8516050384,0.22,0.19],[9.8102566923,-3.5616050384,0.23,0.21],[10.3102366923,-4.2616050384,0.31,0.28],[10.8102366923,-5.0116050384,0.7,0.38]]}