{"columns":["logM","phi","dphi_up","dphi_lo"],"index":[0,1,2,3,4,5,6,7,8,9,10,11,12,13,14],"data":[[8.8257366923,-2.1593651904,0.0675403603,0.068192127],[8.9637366923,-1.9912252822,0.2174956631,0.2203045898],[9.1637366923,-2.2585594663,0.1140314311,0.1146596554],[9.3637366923,-2.4584062645,0.0704960213,0.0706477811],[9.5637366923,-2.602746379,0.0398520961,0.0397043255],[9.7637366923,-2.8554966586,0.0355666173,0.03535194],[9.9637366923,-3.0069765818,0.0368853485,0.0367180893],[10.1677366923,-3.1868133444,0.0463940861,0.0464456583],[10.3677366923,-3.4115841873,0.0591103461,0.0591278149],[10.5677366923,-3.5763709435,0.0727108643,0.0730649455],[10.7677366923,-3.8979658032,0.1058037262,0.1066113555],[10.9677366923,-4.2431615781,0.1506536648,0.1541033615],[11.1677366923,-4.435116188,0.2071588449,0.213440384],[11.3677366923,-4.9122374427,0.368667128,0.4041912943],[11.7677366923,-5.3892619834,0.5424487027,0.7804200232]]}