{"columns":["logM","phi","dphi_up","dphi_lo"],"index":[0,1,2,3,4,5,6,7,8,9,10,11,12,13,14],"data":[[9.0977366923,-2.2934170114,0.0726699624,0.0733268863],[9.2977366923,-2.6624808924,0.0455941913,0.0460801162],[9.3507366923,-2.8629157987,0.2862471893,0.3021827355],[9.5507366923,-2.8832425463,0.1378637952,0.1384158104],[9.7507366923,-3.1101980249,0.0839527419,0.0843899156],[9.9507366923,-3.1920013804,0.0659017037,0.0661288705],[10.1477366923,-3.3513203359,0.0657425105,0.0658994611],[10.3477366923,-3.6740627649,0.0859289602,0.0865089063],[10.5477366923,-3.7985669898,0.1044871113,0.105051316],[10.7477366923,-4.1387865704,0.1514114418,0.154087912],[10.9477366923,-4.3886821509,0.217539544,0.2234936232],[11.1477366923,-4.6440126044,0.3145519802,0.3286648224],[11.3477366923,-5.0418656933,0.4348295589,0.5054455764],[11.5477366923,-5.342895689,0.5611233496,0.7933992873],[11.7477366923,-5.342895689,0.5539009911,0.7882450334]]}