{"columns":["logM","phi","dphi_up","dphi_lo"],"index":[0,1,2,3,4,5,6,7,8,9],"data":[[9.0867366923,-2.5841773455,0.1637485888,0.1716454192],[9.2867366923,-2.7109883711,0.0965447356,0.0983831462],[9.5287366923,-2.8116673525,0.2858037308,0.3013882189],[9.7287366923,-3.2933394658,0.1361899234,0.1376054096],[9.9287366923,-3.4024174785,0.109620445,0.1105279147],[10.1277366923,-3.6690612377,0.1061669548,0.1070184655],[10.3277366923,-3.8728130181,0.1239069827,0.1254297423],[10.5277366923,-4.3860824422,0.2037958688,0.2119467165],[10.7277366923,-4.6925218697,0.3061513383,0.3295514842],[10.9277366923,-4.9935518653,0.4313781641,0.5023750233]]}