{"columns":["logM","phi","dphi_up","dphi_lo"],"index":[0,1,2,3,4,5,6,7,8],"data":[[9.2727366923,-2.9998177195,0.1876385289,0.1993028946],[9.4727366923,-3.2630920267,0.1637927412,0.1717018648],[9.6727366923,-3.5496833259,0.1011427191,0.1031102991],[9.7877366923,-3.5217770447,0.3681829185,0.3743208224],[9.9877366923,-4.4019193772,0.4005209663,0.4762261095],[10.1877366923,-4.3048899048,0.2349317485,0.2443738804],[10.3877366923,-4.9269940542,0.4071806654,0.4815467115],[10.5877366923,-5.2472564345,0.5743101085,0.8026353282],[10.7877366923,-5.2473261727,0.571957258,0.8009749278]]}