{"columns":["logM","phi","dphi_lo","dphi_up"],"index":[0,1,2,3,4,5,6,7,8,9,10],"data":[[10.2117366923,-3.0404505384,-0.0086381,-0.0088134],[10.5887366923,-3.2626743384,0.0421511882,0.0466863525],[10.7427366923,-3.3293866384,0.0449836949,0.0501872126],[10.9077366923,-3.4486044384,0.0490398439,0.0552906606],[11.0707366923,-3.5109972384,0.0539497136,0.0616150129],[11.2257366923,-3.6564310384,0.0609017706,0.0708571324],[11.3837366923,-3.8520853384,0.0706238703,0.0843820301],[11.5527366923,-4.1336386384,0.0844690055,0.1049643623],[11.6997366923,-4.6124258384,0.1115637583,0.1505170105],[11.8517366923,-4.9394396384,0.1538403682,0.240395367],[12.0437366923,-5.6800475384,0.2461976701,0.6248453965]]}