{"columns":["logM","phi","dphi_lo","dphi_up"],"index":[0,1,2,3,4,5,6,7,8,9,10,11],"data":[[9.5267366923,-2.1832728384,0.0339040343,0.0367766568],[9.7697366923,-2.2690049384,0.034010974,0.0369025308],[10.0197366923,-2.3892153384,0.034344076,0.0372950434],[10.2687366923,-2.5011043384,0.0350142511,0.0380867391],[10.5247366923,-2.5581921384,0.0361956146,0.0394888301],[10.7737366923,-2.5834498384,0.0381505009,0.0418274117],[11.0207366923,-2.6579029384,0.0414021601,0.0457690713],[11.2627366923,-2.8464332384,0.0464773414,0.0520540172],[11.5027366923,-3.1797743384,0.0543018021,0.0620748696],[11.7447366923,-3.7924781384,0.0699181436,0.0833755938],[11.9687366923,-4.7340872384,0.1221826152,0.1706309405],[12.3067366923,-5.3955610384,0.2278986873,0.5087036372]]}