{"columns":["logM","phi","dphi_lo","dphi_up"],"index":[0,1,2,3,4,5,6,7,8,9],"data":[[10.0497366923,-2.5681744384,0.0247239508,0.026216879],[10.2567366923,-2.6685092384,0.0253672613,0.0269413906],[10.4727366923,-2.7929844384,0.0266650398,0.0284099529],[10.6857366923,-2.8781125384,0.0286530439,0.030677833],[10.9007366923,-2.9679862384,0.0317197277,0.0342202864],[11.1117366923,-3.0786094384,0.0361752658,0.0394646086],[11.3217366923,-3.3016414384,0.0427183111,0.0473832143],[11.5237366923,-3.7421261384,0.0531512012,0.060575267],[11.7257366923,-4.3003404384,0.0738601583,0.0890486609],[11.9597366923,-5.2127867384,0.1483558052,0.2270917545]]}