{"columns":["logM","phi","dphi_lo","dphi_up"],"index":[0,1,2,3,4,5,6,7,8,9],"data":[[9.8157366923,-2.3288491384,0.0259219694,0.0275679522],[10.0567366923,-2.4123536384,0.0262636598,0.0279547527],[10.3077366923,-2.5383747384,0.027102586,0.0289071931],[10.5587366923,-2.6510439384,0.028684782,0.0307142199],[10.8117366923,-2.7240808384,0.0313309702,0.0337682239],[11.0527366923,-2.8354651384,0.0354143763,0.0385606907],[11.2967366923,-3.0771087384,0.0418519605,0.0463194875],[11.5387366923,-3.5336194384,0.0527037374,0.0599945423],[11.7727366923,-4.3919579384,0.0789657164,0.096586919],[12.0077366923,-5.2076477384,0.1556920372,0.245019553]]}