{"columns":["logM","phi","dphi_lo","dphi_up"],"index":[0,1,2,3,4,5,6,7,8,9,10],"data":[[10.3557366923,-3.4227358384,-0.0144607,-0.0149588],[10.6227366923,-3.6196371384,0.0425769439,0.0472093172],[10.7787366923,-3.7522593384,0.0460751504,0.0515499243],[10.9357366923,-3.9695863384,0.054054089,0.0617512462],[11.0997366923,-4.0491165384,0.0629436622,0.0736381433],[11.2537366923,-4.2545031384,0.0706217705,0.0843790297],[11.4147366923,-4.3431715384,0.084331396,0.1047515943],[11.5757366923,-4.7027833384,0.109738271,0.1471989288],[11.7397366923,-5.0218329384,0.1137911342,0.1546194108],[11.8797366923,-5.0610722384,0.1816818264,0.3182469147],[12.1327366923,-5.8954499384,0.3238861068,999.9000244141]]}