{"columns":["logM","phi","dphi_lo","dphi_up"],"index":[0,1,2,3,4,5,6,7,8,9,10,11,12,13,14],"data":[[8.3527366923,-1.6439906384,0.0509644672,0.0577502813],[8.6147366923,-1.6641444384,0.049884843,0.0563674917],[8.8837366923,-1.7793646384,0.0496631022,0.0560844532],[9.1577366923,-1.8838963384,0.0496986598,0.0561298182],[9.4347366923,-2.0101898384,0.0498391102,0.0563090897],[9.7157366923,-2.1374288384,0.0500605914,0.0565920576],[9.9897366923,-2.2495280384,0.0504488434,0.0570888889],[10.2667366923,-2.3256944384,0.0511299185,0.0579628865],[10.5477366923,-2.3718737384,0.0524406117,0.0596536953],[10.8187366923,-2.4409999384,0.0548230866,0.0627572921],[11.0917366923,-2.6207133384,0.0590652143,0.0683819511],[11.3527366923,-2.9965843384,0.066712019,0.0788527802],[11.6187366923,-3.5188349384,0.0837370087,0.1038345363],[11.8807366923,-4.2686626384,0.1345131752,0.1958976285],[12.3407366923,-5.2581162384,0.3178642525,999.9000244141]]}