{"columns":["logM","phi","dphi_lo","dphi_up"],"index":[0,1,2,3,4,5,6,7,8,9,10,11],"data":[[9.8337366923,-2.8501084384,-0.0087407,-0.0089203],[10.0617366923,-2.8674541384,-0.0080788,-0.008232],[10.3987366923,-3.0489279384,0.0297610279,0.0319514979],[10.5687366923,-3.0939421384,0.0314845405,0.033946697],[10.7427366923,-3.1201116384,0.0337967666,0.0366504645],[10.9187366923,-3.1779243384,0.0373012151,0.0408085912],[11.0907366923,-3.2644854384,0.0420090061,0.0465119615],[11.2627366923,-3.4137389384,0.0484453299,0.0545358848],[11.4317366923,-3.6850331384,0.0575252637,0.0663253244],[11.6047366923,-4.0783888384,0.0723751525,0.0868967798],[11.7687366923,-4.5095642384,0.0977455803,0.1263349312],[11.9487366923,-5.2886116384,0.158928799,0.2532715908]]}