{"columns":["logM","phi","dphi_up","dphi_lo"],"index":[0,1,2,3,4,5,6],"data":[[11.6577366923,-5.1086050384,0.4729936575,0.7100176054],[11.3677366923,-3.9906050384,0.154970965,1.1935489098],[11.0777366923,-3.6116050384,0.1851593908,0.516591715],[10.7877366923,-3.4436050384,0.2029384143,0.4168920724],[10.4977366923,-3.1606050384,0.2436595986,0.5743422325],[10.2077366923,-3.4426050384,0.4691684133,0.4445109672],[9.9177366923,-2.6816050384,0.3954743987,0.7819750635]]}