{"columns":["logM","phi","dphi_up","dphi_lo"],"index":[0,1,2,3,4,5],"data":[[11.6877366923,-4.8256050384,0.5535901011,1.0630230477],[11.3977366923,-4.3236050384,0.3982775414,0.8131395944],[11.1077366923,-4.0666050384,0.317606675,0.5771481612],[10.8177366923,-3.9706050384,0.5321465963,0.6422919897],[10.5277366923,-3.4746050384,0.5571597616,0.9840797732],[10.2377366923,-3.1826050384,0.654483766,0.8092391488]]}