{"columns":["logM","phi","dphi_up","dphi_lo"],"index":[0,1,2,3,4,5,6,7],"data":[[11.6577366923,-4.8586050384,0.509460499,0.9024710522],[11.3577366923,-3.7866050384,0.2237364521,0.544897238],[11.0577366923,-3.2306050384,0.0768960337,0.4457824582],[10.7577366923,-2.9336050384,0.1173413823,0.4466307199],[10.4577366923,-2.8026050384,0.1007223908,0.506961537],[10.1577366923,-2.8846050384,0.2132463364,0.3099048241],[9.8577366923,-2.7716050384,0.2892645848,0.3739384976],[9.5577366923,-2.6496050384,0.3919221862,0.4260058685]]}