{"columns":["logM","phi","dphi_up","dphi_lo"],"index":[0,1,2,3,4,5,6,7,8,9,10],"data":[[9.4277366923,-2.2116050384,0.12,0.12],[9.6277366923,-2.1916050384,0.12,0.12],[9.9277366923,-2.2516050384,0.12,0.12],[10.1277366923,-2.3616050384,0.13,0.13],[10.4277366923,-2.6616050384,0.13,0.13],[10.6277366923,-2.7416050384,0.13,0.13],[10.9277366923,-2.9316050384,0.13,0.13],[11.1277366923,-3.4916050384,0.42,0.42],[11.4277366923,-3.6816050384,0.46,0.46],[11.6277366923,-4.0216050384,0.54,0.54],[11.9277366923,-4.7916050384,1.81,1.81]]}