{"columns":["logM","phi","dphi_up","dphi_lo"],"index":[0,1,2,3,4,5,6,7,8,9,10,11],"data":[[9.4277366923,-2.4216050384,0.12,0.12],[9.6277366923,-2.4116050384,0.13,0.13],[9.9277366923,-2.5816050384,0.12,0.12],[10.1277366923,-2.6016050384,0.13,0.13],[10.4277366923,-2.6116050384,0.13,0.13],[10.6277366923,-2.6816050384,0.13,0.13],[10.9277366923,-2.7216050384,0.13,0.13],[11.1277366923,-3.0616050384,0.14,0.14],[11.4277366923,-3.0816050384,0.15,0.15],[11.6277366923,-3.5916050384,0.2,0.2],[11.9277366923,-3.9916050384,0.25,0.25],[12.1277366923,-4.2916050384,0.27,0.27]]}