{"columns":["logM","phi","dphi_up","dphi_lo"],"index":[0,1,2,3,4,5,6,7,8,9,10],"data":[[9.6277366923,-2.4916050384,0.12,0.12],[9.9277366923,-2.6016050384,0.13,0.13],[10.1277366923,-2.6616050384,0.13,0.13],[10.4277366923,-2.9216050384,0.14,0.14],[10.6277366923,-3.0216050384,0.14,0.14],[10.9277366923,-3.1816050384,0.16,0.16],[11.1277366923,-4.0016050384,0.2,0.2],[11.4277366923,-3.8216050384,0.17,0.17],[11.6277366923,-4.0016050384,0.19,0.19],[11.9277366923,-4.0016050384,0.19,0.19],[12.1277366923,-4.0016050384,0.22,0.22]]}