{"columns":["logM","phi","dphi_up","dphi_lo"],"index":[0,1,2,3,4,5,6,7,8,9,10,11,12,13],"data":[[8.6277366923,-1.8316050384,0.12,0.12],[8.9277366923,-1.8716050384,0.12,0.12],[9.1277366923,-2.0316050384,0.11,0.11],[9.4277366923,-2.1016050384,0.12,0.12],[9.6277366923,-2.3516050384,0.13,0.13],[9.9277366923,-2.4416050384,0.12,0.12],[10.1277366923,-2.5216050384,0.13,0.13],[10.4277366923,-2.6416050384,0.13,0.13],[10.6277366923,-2.7116050384,0.13,0.13],[10.9277366923,-2.5916050384,0.14,0.14],[11.1277366923,-2.9316050384,0.15,0.15],[11.4277366923,-3.2116050384,0.15,0.15],[11.6277366923,-3.5116050384,0.18,0.18],[11.9277366923,-4.2116050384,0.24,0.24]]}