{"columns":["logM","phi","dphi_up","dphi_lo"],"index":[0,1,2,3,4,5,6,7,8,9],"data":[[9.6277366923,-2.1116050384,0.13,0.13],[9.9277366923,-2.2516050384,0.12,0.12],[10.1277366923,-2.3516050384,0.13,0.13],[10.4277366923,-2.7216050384,0.14,0.14],[10.6277366923,-3.0516050384,0.14,0.14],[10.9277366923,-3.1316050384,0.14,0.14],[11.1277366923,-3.8916050384,0.47,0.47],[11.4277366923,-4.0216050384,0.49,0.49],[11.6277366923,-4.1916050384,0.53,0.53],[11.9277366923,-4.7916050384,0.81,0.81]]}