{"columns":["logM","phi","dphi_up","dphi_lo"],"index":[0,1,2,3,4,5,6,7,8,9,10,11,12],"data":[[11.9837366923,-5.3936050384,0.377,0.524],[11.8907366923,-5.1506050384,0.237,0.291],[11.7977366923,-5.2966050384,0.375,0.285],[11.7047366923,-4.5976050384,0.142,0.127],[11.6117366923,-4.1326050384,0.097,0.134],[11.5187366923,-4.0556050384,0.093,0.082],[11.4257366923,-3.8526050384,0.072,0.078],[11.3327366923,-3.6556050384,0.066,0.066],[11.2387366923,-3.5906050384,0.058,0.06],[11.1457366923,-3.4866050384,0.062,0.057],[11.0527366923,-3.3736050384,0.05,0.049],[10.9597366923,-3.3396050384,0.049,0.061],[10.8667366923,-3.3166050384,0.057,0.057]]}