{"columns":["logM","phi","dphi_up","dphi_lo"],"index":[0,1,2,3,4,5],"data":[[12.2277366923,-6.0926050384,0.432,0.395],[12.0447366923,-5.8706050384,0.372,0.303],[11.8607366923,-5.2476050384,0.195,0.165],[11.6767366923,-5.0386050384,0.204,0.14],[11.4937366923,-4.8976050384,0.219,0.113],[11.3097366923,-4.4026050384,0.126,0.123]]}