{"columns":["logM","phi","dphi_up","dphi_lo"],"index":[0,1,2,3,4,5,6,7,8,9,10,11,12,13,14,15,16,17,18,19,20,21,22,23,24,25,26,27,28,29,30,31,32,33,34,35,36],"data":[[12.2697366923,-4.7446050384,0.386,0.466],[12.1707366923,-5.0456050384,0.574,0.782],[12.0717366923,-4.5686050384,0.315,0.384],[11.9727366923,-4.2676050384,0.229,0.273],[11.8727366923,-4.2676050384,0.339,0.249],[11.7737366923,-3.6476050384,0.14,0.135],[11.6747366923,-3.3206050384,0.108,0.126],[11.5757366923,-3.1106050384,0.097,0.095],[11.4757366923,-3.0906050384,0.102,0.091],[11.3767366923,-2.8806050384,0.081,0.08],[11.2777366923,-2.7576050384,0.075,0.074],[11.1787366923,-2.6576050384,0.07,0.071],[11.0787366923,-2.6016050384,0.071,0.067],[10.9797366923,-2.5076050384,0.069,0.064],[10.8807366923,-2.4336050384,0.062,0.062],[10.7817366923,-2.4296050384,0.062,0.061],[10.6817366923,-2.3826050384,0.061,0.059],[10.5827366923,-2.3986050384,0.062,0.059],[10.4837366923,-2.3626050384,0.06,0.057],[10.3847366923,-2.3606050384,0.059,0.056],[10.2857366923,-2.3236050384,0.06,0.055],[10.1857366923,-2.2496050384,0.055,0.055],[10.0867366923,-2.2526050384,0.056,0.053],[9.9877366923,-2.2616050384,0.053,0.053],[9.8887366923,-2.2116050384,0.056,0.053],[9.7887366923,-2.1526050384,0.052,0.052],[9.6897366923,-2.1426050384,0.056,0.053],[9.5907366923,-2.0806050384,0.056,0.052],[9.4917366923,-2.0196050384,0.051,0.051],[9.3917366923,-1.9836050384,0.051,0.05],[9.2927366923,-1.9356050384,0.05,0.05],[9.1937366923,-1.9016050384,0.05,0.049],[9.0947366923,-1.8736050384,0.049,0.05],[8.9947366923,-1.7886050384,0.05,0.052],[8.8957366923,-1.7496050384,0.051,0.052],[8.7967366923,-1.7436050384,0.055,0.056],[8.6977366923,-1.6406050384,0.079,0.09]]}