{"columns":["logM","phi","dphi_up","dphi_lo"],"index":[0,1,2,3,4,5,6,7,8,9,10,11,12,13,14,15,16,17,18,19,20,21,22,23],"data":[[12.0707366923,-5.9226050384,0.629,0.827],[11.9717366923,-5.2236050384,0.305,0.346],[11.8737366923,-4.6916050384,0.165,0.193],[11.7757366923,-4.4756050384,0.146,0.118],[11.6767366923,-4.0416050384,0.077,0.086],[11.5787366923,-3.8696050384,0.078,0.069],[11.4797366923,-3.5076050384,0.054,0.055],[11.3817366923,-3.2906050384,0.05,0.049],[11.2827366923,-3.1236050384,0.041,0.043],[11.1847366923,-3.0036050384,0.038,0.039],[11.0867366923,-2.8936050384,0.036,0.036],[10.9877366923,-2.8416050384,0.034,0.039],[10.8897366923,-2.7446050384,0.034,0.035],[10.7907366923,-2.7216050384,0.031,0.031],[10.6927366923,-2.6896050384,0.029,0.031],[10.5947366923,-2.6786050384,0.029,0.031],[10.4957366923,-2.6436050384,0.029,0.032],[10.3977366923,-2.6626050384,0.028,0.029],[10.2987366923,-2.5816050384,0.026,0.028],[10.2007366923,-2.5466050384,0.027,0.026],[10.1017366923,-2.4986050384,0.028,0.029],[10.0037366923,-2.4196050384,0.027,0.029],[9.9057366923,-2.4106050384,0.031,0.033],[9.8067366923,-2.4156050384,0.054,0.052]]}