{"columns":["logM","phi","dphi_up","dphi_lo"],"index":[0,1,2,3,4,5,6,7,8,9,10,11,12,13,14,15,16,17,18,19,20,21,22,23,24,25,26,27,28],"data":[[11.9807366923,-4.6346050384,0.183,0.177],[11.8827366923,-4.2366050384,0.123,0.127],[11.7857366923,-4.0156050384,0.095,0.091],[11.6877366923,-3.7456050384,0.094,0.076],[11.5897366923,-3.4806050384,0.066,0.061],[11.4917366923,-3.2626050384,0.06,0.054],[11.3947366923,-3.0566050384,0.05,0.049],[11.2967366923,-2.9516050384,0.047,0.043],[11.1987366923,-2.7896050384,0.041,0.04],[11.1017366923,-2.6726050384,0.039,0.04],[11.0037366923,-2.5906050384,0.039,0.036],[10.9057366923,-2.5416050384,0.036,0.035],[10.8077366923,-2.5556050384,0.035,0.034],[10.7107366923,-2.4586050384,0.033,0.033],[10.6127366923,-2.4436050384,0.033,0.033],[10.5147366923,-2.4086050384,0.032,0.032],[10.4167366923,-2.4606050384,0.033,0.031],[10.3197366923,-2.3896050384,0.032,0.03],[10.2217366923,-2.3486050384,0.03,0.03],[10.1237366923,-2.3136050384,0.03,0.029],[10.0257366923,-2.2756050384,0.029,0.031],[9.9287366923,-2.3016050384,0.029,0.029],[9.8307366923,-2.2426050384,0.03,0.029],[9.7327366923,-2.1926050384,0.029,0.03],[9.6357366923,-2.1706050384,0.028,0.029],[9.5377366923,-2.1856050384,0.029,0.036],[9.4397366923,-2.1316050384,0.031,0.034],[9.3417366923,-2.1096050384,0.03,0.031],[9.2447366923,-2.1166050384,0.04,0.036]]}