{"columns":["logM","phi","dphi_up","dphi_lo"],"index":[0,1,2,3,4,5,6,7,8,9,10,11,12,13,14,15],"data":[[11.9017366923,-5.5116050384,0.466,0.395],[11.8047366923,-4.7586050384,0.159,0.145],[11.7087366923,-4.4576050384,0.125,0.115],[11.6117366923,-4.1196050384,0.098,0.082],[11.5157366923,-3.7746050384,0.064,0.064],[11.4187366923,-3.6176050384,0.059,0.057],[11.3217366923,-3.3556050384,0.054,0.053],[11.2257366923,-3.1996050384,0.044,0.05],[11.1287366923,-3.1866050384,0.045,0.048],[11.0327366923,-3.0256050384,0.038,0.041],[10.9357366923,-2.9956050384,0.036,0.037],[10.8387366923,-2.9986050384,0.035,0.04],[10.7427366923,-2.9426050384,0.033,0.034],[10.6457366923,-2.8716050384,0.032,0.04],[10.5487366923,-2.8466050384,0.037,0.056],[10.4527366923,-2.7546050384,0.035,0.051]]}