{"columns":["logM","phi","dphi_up","dphi_lo"],"index":[0,1,2,3,4,5],"data":[[12.0477366923,-5.5126050384,0.311,0.353],[11.8637366923,-5.0866050384,0.232,0.179],[11.6807366923,-4.3926050384,0.11,0.109],[11.4967366923,-4.0886050384,0.09,0.088],[11.3137366923,-3.8476050384,0.073,0.07],[11.1297366923,-3.4956050384,0.063,0.108]]}