{"columns":["logM","phi","dphi_up","dphi_lo"],"index":[0,1,2,3,4,5,6,7,8],"data":[[7.2777366923,-1.6116050384,0.21,0.16],[7.7777366923,-1.8116050384,0.15,0.14],[8.2777366923,-2.0416050384,0.13,0.1],[8.7777366923,-2.2616050384,0.09,0.09],[9.2777366923,-2.5616050384,0.09,0.09],[9.7777366923,-2.9516050384,0.12,0.05],[10.2777366923,-3.4516050384,0.13,0.08],[10.7777366923,-4.1516050384,0.22,0.21],[11.2777366923,-5.0416050384,0.24,0.97]]}