{"columns":["logM","phi","dphi_up","dphi_lo"],"index":[0,1,2,3,4,5,6,7,8],"data":[[7.2777366923,-1.7716050384,1.01,0.84],[7.7777366923,-2.3216050384,0.84,0.64],[8.2777366923,-2.9216050384,0.75,0.57],[8.7777366923,-3.4916050384,0.57,0.6],[9.2777366923,-4.2516050384,0.63,0.78],[9.7777366923,-5.3516050384,1.01,1.64],[10.2777366923,-6.9716050384,1.61,2.57],[10.7777366923,-8.8716050384,2.57,5.75],[11.2777366923,-12.1416050384,4.26,13.54]]}