{"columns":["logM","phi","dphi_up","dphi_lo"],"index":[0,1,2,3,4,5,6,7,8],"data":[[7.2777366923,-1.6716050384,0.54,0.54],[7.7777366923,-2.1116050384,0.45,0.41],[8.2777366923,-2.5316050384,0.38,0.32],[8.7777366923,-3.0016050384,0.32,0.3],[9.2777366923,-3.5116050384,0.32,0.35],[9.7777366923,-4.1516050384,0.41,0.57],[10.2777366923,-5.1616050384,0.68,1.1],[10.7777366923,-6.6116050384,1.14,1.37],[11.2777366923,-8.6316050384,2.34,3.23]]}