{"columns":["logM","phi","dphi_up","dphi_lo"],"index":[0,1,2,3,4,5,6,7,8],"data":[[7.2777366923,-1.5116050384,0.24,0.21],[7.7777366923,-1.7616050384,0.2,0.2],[8.2777366923,-2.0516050384,0.16,0.16],[8.7777366923,-2.3716050384,0.15,0.1],[9.2777366923,-2.7216050384,0.07,0.14],[9.7777366923,-3.1616050384,0.09,0.11],[10.2777366923,-3.6716050384,0.13,0.11],[10.7777366923,-4.4416050384,0.15,0.35],[11.2777366923,-6.0016050384,0.98,1.98]]}