{"columns":["logM","phi","dphi_up","dphi_lo"],"index":[0,1,2,3,4,5,6,7,8],"data":[[7.2777366923,-1.5116050384,0.35,0.32],[7.7777366923,-1.8516050384,0.23,0.28],[8.2777366923,-2.3016050384,0.21,0.16],[8.7777366923,-2.6916050384,0.15,0.15],[9.2777366923,-3.1816050384,0.12,0.11],[9.7777366923,-3.7316050384,0.12,0.13],[10.2777366923,-4.5916050384,0.19,0.24],[10.7777366923,-6.0016050384,0.52,0.32],[11.2777366923,-7.5416050384,1.3,0.99]]}