{"columns":["logM","phi","dphi_up","dphi_lo"],"index":[5,6,7,8,9,10,11,12,13,14,15,16,17,18],"data":[[8.4027366923,-2.1347877988,0.1130615757,0.1435357328],[8.6527366923,-1.9173039883,0.1058373675,0.1356252864],[8.9027366923,-1.867615922,0.1063950527,0.1373833734],[9.1527366923,-2.145383816,0.0498191027,0.0559124627],[9.4027366923,-2.26439063,0.0526370664,0.0593718025],[9.6527366923,-2.3483109293,0.0557325368,0.0632677607],[9.9027366923,-2.5278190978,0.0609722485,0.0697602041],[10.1527366923,-2.6818399213,0.067243265,0.0777043022],[10.4027366923,-2.7028824716,0.0718719714,0.0842467573],[10.6527366923,-2.8030428584,0.0583499176,0.0668123307],[10.9027366923,-2.8922205558,0.065105165,0.0758549174],[11.1527366923,-3.0643383226,0.0746237116,0.0889169647],[11.4027366923,-3.4517281233,0.0919691988,0.1126269835],[11.6527366923,-4.2476081686,0.1599056953,0.1987787296]]}