{"columns":["logM","phi","dphi_up","dphi_lo"],"index":[5,6,7,8,9,10,11,12,13,14,15,16,17,18],"data":[[8.4027366923,-1.8994471744,0.1038155037,0.1312611627],[8.6527366923,-1.845089512,0.1032651632,0.1312608139],[8.9027366923,-2.0009346721,0.0548375679,0.0622679638],[9.1527366923,-2.1062159349,0.048815632,0.0545997981],[9.4027366923,-2.1779549745,0.050910239,0.0571781251],[9.6527366923,-2.3157309595,0.0542763976,0.0612710224],[9.9027366923,-2.3966527885,0.0576407718,0.0655071921],[10.1527366923,-2.5548060262,0.0631575465,0.072360677],[10.4027366923,-2.6505396625,0.0503892212,0.0565088941],[10.6527366923,-2.6568798639,0.0542680052,0.0615494179],[10.9027366923,-2.7664808049,0.060245997,0.0693259639],[11.1527366923,-2.8891420938,0.0678240568,0.0795163814],[11.4027366923,-3.3230573484,0.0839136412,0.1005849956],[11.6527366923,-3.9058120617,0.1232494426,0.1502434625]]}