{"columns":["logM","phi","dphi_up","dphi_lo"],"index":[8,9,10,11,12,13,14,15,16,17,18],"data":[[9.1527366923,-2.5888081647,0.147379848,0.2128765597],[9.4027366923,-2.5257563528,0.1527049519,0.2282731164],[9.6527366923,-2.5733083787,0.0846853029,0.1046929522],[9.9027366923,-2.716451575,0.0808932144,0.0989754282],[10.1527366923,-2.8808322776,0.0912907869,0.1148957254],[10.4027366923,-3.1561334493,0.1058635782,0.138291985],[10.6527366923,-3.5371140589,0.1282332862,0.1758162378],[10.9027366923,-3.8869927191,0.1601017923,0.2336181458],[11.1527366923,-4.1678191711,0.2002642891,0.3186942012],[11.4027366923,-5.2092118679,0.5244581708,1.6533069444],[11.6527366923,-4.9057485302,0.2452038533,0.4134661221]]}