{"columns":["logM","phi","dphi_up","dphi_lo"],"index":[9,10,11,12,13,14,15],"data":[[9.4027366923,-3.4741016812,0.2464700535,0.4630555118],[9.6527366923,-3.3649571464,0.245427454,0.5082830152],[9.9027366923,-3.416109646,0.2667928179,0.6429401513],[10.1527366923,-3.6083786124,0.1338135925,0.1905215469],[10.4027366923,-3.8546698817,0.1567563749,0.2388490129],[10.6527366923,-4.2303334745,0.1939099785,0.3245883752],[10.9027366923,-4.8323935999,0.2937831711,0.577424834]]}