{"columns":["logM","phi","dphi_up","dphi_lo"],"index":[7,8,9,10,11,12,13,14,15,16,17,18],"data":[[8.9027366923,-2.5879390961,0.1260430178,0.1659898178],[9.1527366923,-2.3505782125,0.1208290401,0.1626794502],[9.4027366923,-2.4162569809,0.1291001238,0.1780634788],[9.6527366923,-2.5032052583,0.0604784518,0.0699856858],[9.9027366923,-2.6442151949,0.0669023338,0.0786701344],[10.1527366923,-2.9036435929,0.0762800634,0.0915911637],[10.4027366923,-3.0881680232,0.0873141382,0.1076723487],[10.6527366923,-3.1648020455,0.0989742295,0.1263378755],[10.9027366923,-3.4155269697,0.1172471208,0.1565939033],[11.1527366923,-3.8599789379,0.1511239296,0.2137211949],[11.4027366923,-4.0629262593,0.1282796001,0.1748621537],[11.6527366923,-4.6550021044,0.1871378962,0.2725249714]]}