{"columns":["logM","phi","dphi_up","dphi_lo"],"index":[0,1,2,3,4,5,6,7,8],"data":[[9.1527366923,-2.1018482368,0.1086892749,0.1453098859],[9.4027366923,-2.0878221592,0.1102447206,0.1481155395],[9.6527366923,-2.1134043553,0.1123605196,0.1519776315],[9.9027366923,-2.2164575038,0.1152987204,0.1574303496],[10.1527366923,-2.2127608958,0.1186018334,0.1636882741],[10.4027366923,-2.2252059624,0.1228690119,0.1719811678],[10.6527366923,-2.3084463076,0.128527985,0.1833599912],[10.9027366923,-2.5313147818,0.136333992,0.1998199889],[11.1527366923,-2.8867035128,0.1476895554,0.2255142791]]}