{"columns":["logM","phi","dphi_up","dphi_lo"],"index":[2,3,4,5,6,7,8,9,10,11,12,13,14,15,16,17],"data":[[7.6527366923,-1.4657669319,0.1053410584,0.1311662237],[7.9027366923,-1.5487411851,0.1098898035,0.136683629],[8.1527366923,-1.6142853109,0.0555587133,0.0628315828],[8.4027366923,-1.612334786,0.0476852149,0.0530706386],[8.6527366923,-1.7609049097,0.0498684613,0.0555304641],[8.9027366923,-1.8974254553,0.0525648765,0.0585526194],[9.1527366923,-1.9933586725,0.0551067546,0.0614285183],[9.4027366923,-2.0921259862,0.0433014057,0.047540929],[9.6527366923,-2.1670163128,0.0450619962,0.0495808745],[9.9027366923,-2.3310765158,0.0486859842,0.0536699646],[10.1527366923,-2.3880525569,0.0510401726,0.0564747395],[10.4027366923,-2.4704931021,0.0543996063,0.0604660047],[10.6527366923,-2.5337749285,0.0579053441,0.0647746945],[10.9027366923,-2.6392850087,0.0632790227,0.0713262316],[11.1527366923,-2.8672079327,0.0745888236,0.0846399621],[11.4027366923,-3.356738501,0.1117470608,0.1266109731]]}