{"columns":["logM","phi","dphi_up","dphi_lo"],"index":[7,8,9,10,11,12,13,14,15,16,17,18],"data":[[8.9027366923,-2.2810504772,0.1011024145,0.1273566645],[9.1527366923,-2.3436973136,0.1066838338,0.1361119062],[9.4027366923,-2.3228004456,0.0549832413,0.0626198282],[9.6527366923,-2.4399064219,0.0508138296,0.0572775723],[9.9027366923,-2.6117189389,0.0560861801,0.0639516948],[10.1527366923,-2.7942443874,0.062923446,0.0728080693],[10.4027366923,-2.9345773071,0.0709486116,0.0836587893],[10.6527366923,-3.0952742848,0.0812894189,0.0982151341],[10.9027366923,-3.3590561927,0.0969548611,0.1208091367],[11.1527366923,-3.4070322542,0.0802264806,0.0974203706],[11.4027366923,-3.8458085778,0.1007546575,0.1271587224],[11.6527366923,-4.4183133547,0.1443835403,0.1898995223]]}