{"columns":["logM","phi","dphi_up","dphi_lo"],"index":[12,13,14],"data":[[10.1527366923,-4.0103169814,0.2187133081,0.4203725018],[10.4027366923,-4.3447565243,0.228857204,0.4425941745],[10.6527366923,-4.5410511944,0.270312374,0.6370686]]}