{"columns":["logM","phi","dphi_up","dphi_lo"],"index":[6,7,8,9,10,11,12,13,14,15,16,17,18],"data":[[8.6527366923,-2.0546822228,0.0842466221,0.1020354499],[8.9027366923,-2.0158802402,0.0854005481,0.1041844992],[9.1527366923,-2.1702751189,0.0453390174,0.050366715],[9.4027366923,-2.24556009,0.0408167645,0.0448668066],[9.6527366923,-2.3365922822,0.0435740182,0.0481955439],[9.9027366923,-2.447271282,0.0471557227,0.0525737189],[10.1527366923,-2.5750376742,0.0517798008,0.0583211221],[10.4027366923,-2.6540127072,0.0570110642,0.0650631435],[10.6527366923,-2.8608631546,0.0651525979,0.0756130237],[10.9027366923,-2.9090847223,0.053996137,0.061394197],[11.1527366923,-3.0829429842,0.062521661,0.0726066877],[11.4027366923,-3.4538995723,0.0758333929,0.0905085465],[11.6527366923,-3.8886776505,0.0972505132,0.1199397543]]}