{"columns":["logM","phi","dphi_up","dphi_lo"],"index":[8,9,10,11,12,13,14,15,16,17],"data":[[9.1527366923,-2.5933780979,0.1380046821,0.1991484894],[9.4027366923,-2.5284372652,0.1452935294,0.2165714614],[9.6527366923,-2.8417018315,0.1637223092,0.2559291545],[9.9027366923,-2.7985930482,0.0796217545,0.0973215716],[10.1527366923,-2.9972330704,0.0898673138,0.1129929284],[10.4027366923,-3.273136915,0.1035093231,0.1350791611],[10.6527366923,-3.6881102334,0.1240616841,0.1700936962],[10.9027366923,-3.9212400795,0.1470384096,0.2149123338],[11.1527366923,-4.1586009354,0.1763566978,0.2811493643],[11.4027366923,-5.1999935751,0.3824792587,0.7625359085]]}