{"columns":["logM","phi","dphi_up","dphi_lo"],"index":[3,4,5,6,7,8,9,10,11,12,13,14,15,16,17,18],"data":[[7.9027366923,-1.590836935,0.1015615474,0.1280486241],[8.1527366923,-1.7382830323,0.1076852159,0.1357202574],[8.4027366923,-1.5715317932,0.1021274695,0.1293607043],[8.6527366923,-1.6824019242,0.0468749355,0.0523103729],[8.9027366923,-1.7547826939,0.0479921635,0.0536553437],[9.1527366923,-1.8802124768,0.0498318667,0.0558398011],[9.4027366923,-1.9609688125,0.0516564507,0.0580490962],[9.6527366923,-2.0587671043,0.0541039955,0.0610149504],[9.9027366923,-2.282652064,0.0444349627,0.0491080388],[10.1527366923,-2.4114908434,0.0474413874,0.0526786963],[10.4027366923,-2.4193975455,0.0496584637,0.0554990196],[10.6527366923,-2.5203156321,0.0535983714,0.0603854024],[10.9027366923,-2.5689587121,0.0576891477,0.0656861904],[11.1527366923,-2.7802143988,0.0654830445,0.0755188521],[11.4027366923,-3.1082279579,0.0795492287,0.0930079159],[11.6527366923,-4.6992925245,0.3665417844,0.4789230275]]}