{"columns":["logM","phi","dphi_up","dphi_lo"],"index":[9,10,11,12,13,14,15,16],"data":[[9.4027366923,-2.7321009199,0.148541024,0.2201049193],[9.6527366923,-2.8884480568,0.165150784,0.2570525873],[9.9027366923,-2.9993804895,0.0803504161,0.098130448],[10.1527366923,-3.1952659466,0.0917637508,0.1155259807],[10.4027366923,-3.5265807531,0.1084804398,0.142146144],[10.6527366923,-3.9493441894,0.1355379599,0.1868438603],[10.9027366923,-4.1006119876,0.1588551307,0.2347307912],[11.1527366923,-4.3346952363,0.1932716054,0.3140228207]]}