{"columns":["logM","phi","dphi_up","dphi_lo"],"index":[9,10,11,12,13,14,15,16,17],"data":[[9.4027366923,-2.6485999685,0.1145842088,0.1528655995],[9.6527366923,-2.8704486596,0.1293549768,0.1783806899],[9.9027366923,-2.8787754766,0.06079875,0.070484439],[10.1527366923,-3.0584177323,0.0692669576,0.0820598175],[10.4027366923,-3.3594477731,0.0811928477,0.0989563369],[10.6527366923,-3.758458781,0.0993658868,0.1255580422],[10.9027366923,-4.0041861108,0.1199828325,0.1588638145],[11.1527366923,-4.2690037713,0.147796121,0.2081042201],[11.4027366923,-5.0648837978,0.2747923668,0.4209282489]]}