{"columns":["logM","phi","dphi_up","dphi_lo"],"index":[4,5,6,7,8,9,10,11,12,13,14,15,16,17,18],"data":[[8.1527366923,-1.9071678147,0.1067495201,0.1340061833],[8.4027366923,-1.9882011882,0.1114431062,0.1400541995],[8.6527366923,-1.8542972869,0.0534463655,0.060520039],[8.9027366923,-1.8863084841,0.0466969738,0.0520536746],[9.1527366923,-1.9818697542,0.048363062,0.0540581062],[9.4027366923,-2.1124562257,0.0507938443,0.0569660168],[9.6527366923,-2.1567004634,0.0527789793,0.059454114],[9.9027366923,-2.3107041956,0.0567325357,0.064243143],[10.1527366923,-2.414095192,0.0453194125,0.0502638717],[10.4027366923,-2.5198725614,0.0487940013,0.0545154866],[10.6527366923,-2.618979091,0.0530259223,0.059804501],[10.9027366923,-2.682069114,0.0578098632,0.066001675],[11.1527366923,-2.8170248457,0.0647016576,0.075033173],[11.4027366923,-3.2771128308,0.0815701356,0.096158484],[11.6527366923,-5.169207435,0.5178580077,0.8228729686]]}